url_path,views_total,views_unique
/grp-bork/samestr_flow,25,2
/grp-bork/samestr_flow/blob/main/clowm_info.json,10,1
/grp-bork/samestr_flow/edit/main/README.md,10,1
/grp-bork/samestr_flow/tree/main/docs,9,1
/grp-bork/samestr_flow/blob/main/docs/usage.md,8,1
/grp-bork/samestr_flow/blob/main/README.md,8,1
/grp-bork/samestr_flow/blob/25bef734bbd44a43e84df632df64a47b5c53065e/metaphlow/modules/profilers/samestr.nf,6,1
/grp-bork/samestr_flow/tree/main,6,1
/grp-bork/samestr_flow/blob/6761ee192e2e0936d94ebfe2bd5176f173c49543/config/run.config,5,1
/grp-bork/samestr_flow/blob/6761ee192e2e0936d94ebfe2bd5176f173c49543/nextflow.config,5,1
